,aic_avg,aic_max,aic_min,aic_std,gen,nevals
0,93885.6602,94274.834,93434.212,371.9192229097081,0,5
1,93978.0942,94621.967,93434.212,472.4184667603094,1,4
