,bic_avg,bic_max,bic_min,bic_std,gen,nevals
0,93968.83240000001,94358.006,93517.384,371.9193703272763,0,5
1,94061.26619999998,94705.139,93517.384,472.4184667603036,1,4
