,cfi_avg,cfi_max,cfi_min,cfi_std,gen,nevals
0,0.9548,0.994,0.921,0.03229489123685043,0,5
1,0.9468,0.994,0.891,0.04098487525905134,1,4
