,avg,gen,max,min,nevals,std
0,0.7952999999999999,0,0.994,0.0,20,0.33586859037427125
1,0.8419500000000001,1,0.994,0.0,15,0.28308010792000204
