,avg,gen,max,min,nevals,std
0,0.9103333333333333,0,0.931,0.887,3,0.018061622912192103
1,0.8113333333333334,1,0.934,0.613,2,0.14154936319963515
