,rmsea_avg,rmsea_max,rmsea_min,rmsea_std,gen,nevals
0,0.13740000000000002,0.201,0.057,0.06588656919281805,0,5
1,0.14700000000000002,0.236,0.057,0.07537373547861351,1,4
