,tli_avg,tli_max,tli_min,tli_std,gen,nevals
0,0.8495999999999999,0.979,0.738,0.10660881764657179,0,5
1,0.8230000000000001,0.979,0.638,0.13556253169663066,1,4
